Insitute,CountryName,CountryCode
ADA University,Azerbaijan,AZ
AE high school,United States,US
AGH University of Science and Technology,Poland,PL
Aalto University,Finland,FI
Adobe Systems,United States,US
Affiliated High School of Fujian Normal University,China,CN
Ahsanullah University of Science and Technology,Bangladesh,BD
Ain-shams university,Egypt,EG
Ains shams universty,Egypt,EG
Ajou University,South Korea,KR
Al Akhawayn University,Morocco,MA
Al-Baath University,Syria,SY
Al-Zaytoonah University of Jordan,Jordan,JO
Aleppo University,Syria,SY
Alexandru Ioan Cuza University,Romania,RO
Allame Helli,Iran,IR
AlternativaPlatform,Russia,RU
American International University Bangladesh,Bangladesh,BD
American University in Bulgaria,Bulgaria,BG
American University of Armenia,Armenia,AM
American University of Beirut,Lebanon,LB
Amirkabir University of Technology,Iran,IR
Amrita School of Engineering,India,IN
Amrita Vishwa Vidyapeetham,India,IN
Amur State University,Russia,RU
Arab Academy for Science and Technology,Egypt,EG
Assiut University,Egypt,EG
Astrakhan state university,Russia,RU
Ateneo de Naga University,Philippines,PH
Atlantik Ahmet Ulusoy College,Turkey,TR
Atlantik College,United Kingdom,GB
Azhar University,Egypt,EG
Babeș-Bolyai University,Romania,RO
Baku Turkish Private High School,Azerbaijan,AZ
Bandung Institute of Technology,Indonesia,ID
Bangladesh University,Bangladesh,BD
"Barnaul, Gymnasium 42",Russia,RU
Bauman MSTU,Russia,RU
"Begum Rokeya University, Rangpur",Bangladesh,BD
Beihang University,China,CN
Beijing Institute of Technology,China,CN
Beijing JiaoTong University,China,CN
"Beijing Normal University, Zhuhai",China,CN
Beijing University of Posts and Telecommunications,China,CN
"Beijing, BUAA",China,CN
Belarussian SUIR,Russia,RU
"Belgrade, School of Electrical Engineering",Serbia,RS
Benemérita Universidad Autónoma de Puebla,Mexico,MX
Bilkent University,Turkey,TR
Binus University,Indonesia,ID
Black Sabbath,United States,US
Black organization,United States,US
Bogazici University,Turkey,TR
Brac University,Bangladesh,BD
"Brest, Gymnasium 1",Belarus,BY
British University In Egypt,Egypt,EG
Buryat State University,Russia,RU
Business Information System - Helwan University,Egypt,EG
C.N. Liviu Rebreanu Bistrita,Romania,RO
CN Fratii Buzesti,Romania,RO
CN Unirea Tg Mures,Romania,RO
CNILC Ploiesti,Romania,RO
CNMV PLOIESTI,Romania,RO
CS Academy,United States,US
CTU in Prague,Czechia,CZ
Cairo University,Egypt,EG
Can Tho University,Vietnam,VN
Carnegie Mellon University,United States,US
Caucasus University,Georgia,GE
Central South Univercity,China,CN
Central South University,China,CN
ChangAn university,China,CN
Changchun University of Science and Technology,China,CN
Changjun High School,China,CN
Changsha University of Science and Technology,China,CN
Changzhou Senior High School of Jiangsu Province,China,CN
Changzhou University,China,CN
Charles University in Prague,Czechia,CZ
"Chelyabinsk, FML 31",Russia,RU
"Chelyabinsk, Lyceum№31",Russia,RU
Chengdu No.7 High School,China,CN
Chengdu University of Information Technology,China,CN
Chennai Mathematical Institute,India,IN
Cherkasy National University,Ukraine,UA
Chicken University,United States,US
China University of Geosciences,China,CN
China University of Petroleum,China,CN
Chittagong University of Eng and Tech,Bangladesh,BD
Chongqing Bashu Middle School,China,CN
Chongqing University,China,CN
"Christ University,Bangalore",India,IN
Chu Van An High School,Vietnam,VN
Chulalongkorn University,Thailand,TH
"Chung Ling High School, Penang",Malaysia,MY
Chuyen Phan Boi Chau,Vietnam,VN
Citrix Systems,United States,US
"City University, Bangladesh",Bangladesh,BD
Clements HS,United States,US
Colegiul National Mircea cel Batran,Romania,RO
Colegiul National Silvania,Romania,RO
"College Of Engineering , Guindy",India,IN
"College of Engineering, Guindy",India,IN
Comenius University,Slovakia,SK
Comilla University,Bangladesh,BD
Ctg Cantonment Public College,Bangladesh,BD
DCRUST Murthal,India,IN
DIT University,India,IN
Da Nang University of Technology,Vietnam,VN
Daffodil International University,Bangladesh,BD
Dalian Maritime University,China,CN
Damascus university,Syria,SY
Danang University of Technology,Vietnam,VN
Danderyds Gymnasium,Sweden,SE
Danyang High School,China,CN
Daryn,Slovakia,SK
"Dept Of Civil Engineering, BUET",Bangladesh,BD
Dhaka City College,Bangladesh,BD
Dhaka Residential Model College,Bangladesh,BD
Dhaka University of Engineering and Technology,Bangladesh,BD
"Dnepropetrovsk, DOLIFMP",Ukraine,UA
Donetsk NU,Ukraine,UA
Donghua University,China,CN
Double Ten High School,United States,US
Duy Tan University,Vietnam,VN
Dwarkadas J. Sanghvi College of Engineering,India,IN
East China Jiaotong University,China,CN
East China University of Science and Technology,China,CN
East West University,United States,US
Ecole Nationale Supérieur d'Arts et Métiers,France,FR
Escuela Superior de Cómputo,Mexico,MX
FACENS - Faculdade de Engenharia de Sorocaba,Brazil,BR
FEE-Faculty of Electronic Engineering,Egypt,EG
"FMI, Universitatea Bucuresti",Romania,RO
FPT University,Vietnam,VN
Far Eastern FU,China,CN
Federal University of Bahia,Brazil,BR
Federal University of Campina Grande,Brazil,BR
Federal University of Minas Gerais (UFMG),Brazil,BR
Federal University of São Carlos,Brazil,BR
Federal University of Uberlândia,Brazil,BR
Ferdowsi University of Mashhad,Iran,IR
Free University of Tbilisi,Georgia,GE
FuZhou university,China,CN
Fudan University,China,CN
Fujian Changle No.1 Middle School,China,CN
Fundación Universidad Del Norte,Colombia,CO
Fuzhou No.3 High School,China,CN
Gadjah Mada University,Indonesia,ID
Gautam Buddha University,India,IN
Georgia Institute of Technology,United States,US
Georgia Tech,United States,US
German University in Cairo,Egypt,EG
Guangdong University of Foreign Studies,China,CN
Guangdong University of Technology,China,CN
Guru Gobind Singh Indraprastha University,India,IN
Gyeonggi Science High School,South Korea,KR
Gymnasium Svetozar Marković Niš,Serbia,RS
"Gymnázium Brno, třída Kapitána Jaroše",Czechia,CZ
Gymnázium Jura Hronca,Slovakia,SK
HNUE High School for Gifted Students,Vietnam,VN
HY Specialized High School,United States,US
Ha Noi Open University,Vietnam,VN
Hajee Mohammad Danesh Sci. and Tech. University,Bangladesh,BD
Haldia Institute Of Technology,India,IN
HangZhou Foreign Language School,China,CN
Hangzhou No.2 High School,China,CN
Hangzhou Normal University,China,CN
Hangzhou Xuejun High School,China,CN
Hanoi University of Science and Technology,Vietnam,VN
Hanoi-Amsterdam High School,Vietnam,VN
Hanyang University,South Korea,KR
Harbin Engineering University,China,CN
Harbin Institute of Technology,China,CN
HeFei University of Technology,China,CN
"Hefei No1 High School , China",China,CN
Heilongjiang University,China,CN
"Helwan University, Faculty of Computer Science",Egypt,EG
Henan Experimental High School,China,CN
Heritage Institute Of Technology,India,IN
High School affiliated to Fudan University,China,CN
High School for Gifted students of Vinh University,Vietnam,VN
"High school at Komaba, University of Tsukuba",Japan,JP
Higher Technological Institute 10th Of Ramadan,Egypt,EG
Ho Chi Minh City University of Science,Vietnam,VN
Ho Chi Minh University of Science,Vietnam,VN
Hong Kong University of Science and Technology,Hong Kong,HK
Huazhong University of Science and Technology,China,CN
Hunan University of Science and Technology,China,CN
Hunan university of arts and science,China,CN
I LO Legnica,Poland,PL
IPVCE Luis Urquiza Jorge,Cuba,CU
IST Austria,Austria,AT
ITESM Campus Monterrey,Mexico,MX
ITESM Queretaro,Mexico,MX
"IUBAT, Uttara, Dhaka",Bangladesh,BD
Imperial College London,United Kingdom,GB
"Indira Gandhi DTUW, Delhi",India,IN
Industrial University of Ho Chi Minh city,Vietnam,VN
Inha University,South Korea,KR
Innopolis University,Russia,RU
Institute of Science and Technology,India,IN
Instituto Politecnico Nacional,Mexico,MX
Instituto Tecnológico de Aeronáutica,Brazil,BR
Instituto Técnico Salesiano,Dominican Republic,DO
International High School of Sarajevo,Bosnia and Herzegovina,BA
Isfahan University of Technology,Iran,IR
"Islamic University,Bangladesh",Bangladesh,BD
Istanbul Technical University,Turkey,TR
"JSS Academy of Technical Eduction, Noida",India,IN
Jabalpur Engineering College,India,IN
Jagiellonian University,Poland,PL
Jahangirnagar University,Bangladesh,BD
Jessore University Science and Technology,Bangladesh,BD
Jiangxi University of Science and Technology,China,CN
Jilin University,China,CN
Johns Hopkins University,United States,US
Jose Faustino Sanchez Carrion National University,Peru,PE
"K. J. Somaiya College of Engineering, Mumbai",India,IN
Kaisei High School,Japan,JP
Kaohsiung Senior High School,Taiwan,TW
Karlsruhe Institute of Technology,Germany,DE
Kasetsart University,Thailand,TH
Kaunas TU,Lithuania,LT
Keio University,Japan,JP
Khulna University of Engineering and Technology,Bangladesh,BD
Khust Gymnasium,Ukraine,UA
"Kiev, UPML",Ukraine,UA
Kim Il Sung University,North Korea,KP
Kobe-University,Japan,JP
Korea University,South Korea,KR
Krishna Institute Of Engineering And Technology,India,IN
Kyoto University,Japan,JP
La Martiniere for Boys,India,IN
Lancaster University,United Kingdom,GB
"Lausanne, EPFL",Switzerland,CH
Le Hong Phong High school,Vietnam,VN
Le Quy Don gifted High School,Vietnam,VN
"Leading University, Sylhet",Bangladesh,BD
Lebanese American University,Lebanon,LB
Leshan NU,China,CN
Liceo Scientifico F. Lussana,Italy,IT
Liceul AȘM,Moldova,MD
Liceul Mihail Kogalniceanu Vaslui,Romania,RO
Liceul Stefan Procopiu Vaslui,Romania,RO
Licey 174,Dominican Republic,DO
Liuzhou Highschool,China,CN
Lodz University of Technology,Poland,PL
Losers Club,United States,US
Lovely Professional University,India,IN
Lviv Polytechnic National University,Ukraine,UA
MAN Insan Cendekia Serpong,Indonesia,ID
MG Baba Tonka Ruse,Bulgaria,BG
MSU Tashkent,Uzbekistan,UZ
Magtymguly State University,Turkmenistan,TM
Massachusetts Institute of Technology (MIT),United States,US
"Medellín, EAFIT",Colombia,CO
Meiji University,Japan,JP
MetaDesign Solutions,India,IN
Microsoft,United States,US
Military Institute of Science and Technology,Bangladesh,BD
"Minsk, Lyceum BSU",Belarus,BY
Mita Senior High School,Japan,JP
Modern Academy For Engineering and technolngy,Egypt,EG
Mofid High School,Iran,IR
Monash University,Australia,AU
Moscow Chemical Lyceum,Russia,RU
Moscow Institute of Physic and Technology,Russia,RU
Moscow State University,Russia,RU
NPU Middle School,China,CN
Nagoya University,Japan,JP
Nanchang University,China,CN
Nanjing University,China,CN
Nankai University,China,CN
Nanyang Technological University,Singapore,SG
Nara Institute of Science and Technology,Japan,JP
Nasca Ltd,Singapore,SG
National Central University,Taiwan,TW
National Chiao Tung University,Taiwan,TW
National Chung Cheng University,Taiwan,TW
National College of Computer Science Tudor Vianu,Romania,RO
National Taipei University,Taiwan,TW
National Taiwan University,Taiwan,TW
National Tsing Hua University,Taiwan,TW
National University of Colombia,Colombia,CO
National University of Defense Technology,China,CN
National University of Singapore,Singapore,SG
National university of Mongolia,Mongolia,MN
Nazarbayev University,Kazakhstan,KZ
New Bulgarian University,Bulgaria,BG
New York University,United States,US
Newcastle University,United Kingdom,GB
Newspaper,United States,US
Niigata University,Japan,JP
Nikan High School,Iran,IR
Ningbo University,China,CN
Nizhny Novgorod SU,Russia,RU
North South University,Bangladesh,BD
North-Eastern Federal University,Russia,RU
Northeast Forestry University,China,CN
Northeast Normal University,China,CN
"North East University Sylhet, Bangladesh",Bangladesh,BD
Norwegian University of Science and Technology,Norway,NO
Notre Dame College,United States,US
Novosibirsk SU,Russia,RU
"Novosibirsk, Gymnasium №1",Russia,RU
Ocean University of China,China,CN
Odessa National Polytechnic University,Ukraine,UA
Ohio State University,United States,US
Okinawa National College of Technology,Japan,JP
Orenburg State University,Russia,RU
Osaka University,Japan,JP
PBBS Bandung,Indonesia,ID
"PCOI, Hong Kong",Hong Kong,HK
PEC University of Technology,India,IN
PES Institute of Technology,India,IN
Pabna University of Science and Technology,Bangladesh,BD
Pacific Fish University,United States,US
Pasargad University,Iran,IR
Payame Noor University of Mashhad,Iran,IR
Peking University,China,CN
Phillips Exeter Academy,United States,US
Pillai Institute of Information Technology,India,IN
Pontificia Universidad Católica Madre y Maestra,Dominican Republic,DO
Pontificia Universidad Católica del Perú,Peru,PE
Poornima College Of Engineering,India,IN
Princeton University,United States,US
Prva kragujevacka gimnazija,Serbia,RS
Purdue University,United States,US
Qingdao No.2 Middle School,China,CN
Quang Trung High School,Vietnam,VN
Quanzhou No.7 High School,China,CN
Queen's University,Canada,CA
Quoc Hoc High School,Vietnam,VN
RV college of engineering,India,IN
Radboud University Nijmegen,Netherlands,NL
Rajshahi University of Engineering and Technology,Bangladesh,BD
Renmin University of China,China,CN
Royal Institute of Technology,Sweden,SE
Russian-Armenian University,Armenia,AM
Rutgers School of Engineering,United States,US
"Rybinsk, Lyceum 2",Russia,RU
Ryukoku University,Japan,JP
SASTRA University,India,IN
SPb Electrotechnical University,Russia,RU
SSN College Of Engineering,India,IN
Sadjad University of Technology,Iran,IR
Saint Petersburg State University,Russia,RU
Salam IranZamin,Iran,IR
Saratov State University,Russia,RU
Semnan University,Iran,IR
Seoul National University,South Korea,KR
"Shahid Babaee school, Qazvin",Iran,IR
Shahid Bahonar University of Kerman,Iran,IR
Shahid Beheshti University,Iran,IR
Shahjalal University of Science and Technology,Bangladesh,BD
Shahrood University of Technology,Iran,IR
Shandong University,China,CN
Shanghai University,China,CN
ShanghaiTech University,China,CN
Shanglin middle school,China,CN
Shantou Jinshan High School,China,CN
Shaoxing No.1 High School,China,CN
Sharif University of Technology,Iran,IR
Sheikhbahaee University,Iran,IR
Shenyang University of Technology,China,CN
Shenzhen University,China,CN
Shiraz University,Iran,IR
Shishi High School,China,CN
Shiv Nadar University,India,IN
Shizuoka University,Japan,JP
Shkola Shikovi,India,IN
Shoubra Faculty of Engineering,Egypt,EG
Siberian state university TI,Russia,RU
Sichuan University,China,CN
Sir M. Visvesvaraya Institute of Technology,India,IN
Sofia University,United States,US
Sogang University,South Korea,KR
Soochow University,China,CN
South China Algorithm University,China,CN
South Ural State University,Russia,RU
Southeast University,China,CN
Southwest University,United States,US
Southwest jiaotong university,China,CN
Sreenidhi Institute(JNTU),India,IN
Stanford University,United States,US
State University of Bangladesh,Bangladesh,BD
Stony Brook University,United States,US
Suankularb Wittayalai School,Thailand,TH
Sun Yat-Sen Memorial Middle School,China,CN
Sylhet Engineering College,Bangladesh,BD
Syrian Virtual University,Syria,SY
Taizhou University,China,CN
Tanta University,Egypt,EG
Tashkent U of IT,Uzbekistan,UZ
Technical University of Cluj-Napoca,Romania,RO
Technical University of Iasi,Romania,RO
Telkom University,Indonesia,ID
The Affiliated High School of Shanxi University,China,CN
The American University in Cairo,Egypt,EG
The F.M.S in Changsha,China,CN
The Hashemite University,Jordan,JO
The Mongolian University of Science and Technology,Mongolia,MN
The Nhan - VN,Vietnam,VN
The University of Hong Kong,Hong Kong,HK
The University of Tokyo,Japan,JP
Thebes Academy,Egypt,EG
Tianjin Nankai High School,China,CN
Tianjin No.1 High School,China,CN
Tianjin Polytechnic University,China,CN
Tianjin University,China,CN
Timber Creek High School,United States,US
Tokyo Hot,Mongolia,MN
Tongji University,China,CN
Tran Phu High School,Vietnam,VN
Triam Udom Suksa School,Thailand,TH
TriamUdomSuksa School,Thailand,TH
Tsinghua University,China,CN
Tulskii Gu,Russia,RU
Tunisia Polytechnic School,Tunisia,TN
Turgut Ozal Turkmen Turkish High School,Turkmenistan,TM
UFG - Universidade Feredal de Goias,Brazil,BR
United International University,Bangladesh,BD
University Visvesvaraya College of Engineering,India,IN
"University at Buffalo, SUNY",United States,US
University of Aizu,Japan,JP
"University of Alexandria, Faculty of Engineering",Egypt,EG
University of Asia Pacific,Bangladesh,BD
University of Bergen,Norway,NO
University of Bologna,Italy,IT
University of Brasilia,Brazil,BR
University of Bristol,United Kingdom,GB
University of Bucharest,Romania,RO
University of Calgary,Canada,CA
"University of California, Berkeley",United States,US
"University of California, San Diego",United States,US
University of Cambridge,United Kingdom,GB
University of Cape Town,South Africa,ZA
University of Central Florida,United States,US
University of Chicago,United States,US
University of Chinese Academy of Sciences,China,CN
University of Chittagong,Bangladesh,BD
University of Dhaka,Bangladesh,BD
University of Edinburgh,United Kingdom,GB
University of Engineering and Technology,Pakistan,PK
University of Florida,United States,US
University of Havana,Cuba,CU
University of Helsinki,Finland,FI
University of Illinois at Urbana-Champaign,United States,US
University of Indonesia,Indonesia,ID
University of Isfahan,Iran,IR
University of Jinan,China,CN
University of Jordan,Jordan,JO
University of Latvia,Latvia,LV
University of Ljubljana,Slovenia,SI
University of Manchester,United Kingdom,GB
University of Michigan,United States,US
University of Minnesota,United States,US
University of Moratuwa,Sri Lanka,LK
University of New South Wales,Australia,AU
University of Oxford,United Kingdom,GB
University of Pennsylvania,United States,US
University of Science and Technology of China,China,CN
University of Southampton,United Kingdom,GB
University of Southern California,United States,US
University of Surabaya,Indonesia,ID
University of Sydney,Australia,AU
University of São Paulo,Brazil,BR
University of Tabriz,Iran,IR
University of Tartu,Estonia,EE
University of Tehran,Iran,IR
University of Texas at Austin,United States,US
University of Tokyo,Japan,JP
University of Toronto,Canada,CA
University of Tsukuba,Japan,JP
University of Virginia,United States,US
University of Warsaw,Poland,PL
University of Washington,United States,US
University of Waterloo,Canada,CA
University of Western Australia,Australia,AU
University of Wisconsin-Madison,United States,US
University of Wrocław,Poland,PL
University of Zagreb,Croatia,HR
University of the Philippines,Philippines,PH
Universität des Saarlandes,Germany,DE
Urmia University,Iran,IR
Utrecht University,Netherlands,NL
Varna High School of Mathematics,Bulgaria,BG
Veermata Jijabai Technological Institute,India,IN
"Vellore Institute of Technology,Vellore",India,IN
Viet Nam National University,Vietnam,VN
Vilnius Gediminas Technical university,Lithuania,LT
Vilnius University,Lithuania,LT
Vishwakarma Government Engineering College,India,IN
Visvesvaraya National Institute of Technology,India,IN
Warsaw School of Computer Science,Poland,PL
"Warszawa, XIV LO Staszica",Poland,PL
Waseda University,Japan,JP
Washington University in St. Louis,United States,US
Wenling High School,China,CN
Wenzhou Middle School,China,CN
West University of Timisoara,Romania,RO
Wroclaw University of Technologies,Poland,PL
Wuhan University,China,CN
Wuhan University of Science and Technology,China,CN
Xiamen University,China,CN
Xiangtan University,China,CN
Xiaoshan High School,China,CN
Xidian University,China,CN
"YMCA UST, Faridabad",India,IN
Yali Middle School,China,CN
Yarmouk Private University,Syria,SY
Yarmouk University,Jordan,JO
Yazd University,Iran,IR
Yerevan Physmath school,Armenia,AM
Yerevan State University,Armenia,AM
"Yerevan, Quantum college",Armenia,AM
Yonsei University,South Korea,KR
Young Scholars Club,Iran,IR
Yuyao High School,China,CN
Zhangping No.1 High School,China,CN
ZhaoQing University,China,CN
Zhejiang University of Technology,China,CN
Zheng Zhou University,China,CN
Zhengzhou University,China,CN
Zhenhai High School,China,CN
Zhongshan(Sun Yat-sen) U,China,CN
"ABES IT Group of Institutions, Ghaziabad",India,IN
ABV - Indian Institute of Information Technology and Management Gwalior,India,IN
"AWH Engineering College, Calicut",India,IN
"Abes Engineering college, Ghaziabad",India,IN
"Acropolis Institute of Technology & Research, Indore",India,IN
"Ajay Kumar Garg Engineering College, Ghaziabad",India,IN
"Al Akhawayn University,  Ifrane",Morocco,MA
"Ambala College of Engineering and Applied Research, Ambala",India,IN
Ambedkar Institute of Advanced Communication Technology & Research,India,IN
Amity School of Engineering and Technology,India,IN
"Amity University, Noida",India,IN
"Amrita School of Engineering, Coimbatore",India,IN
Anil Neerukonda Institute of Technology and Sciences,India,IN
Appa Institute Of Engineering and Technology,India,IN
"Army Institute of Technology, Pune",India,IN
"Atharva College of Engineering , Malad",India,IN
"B K Birla Institute of Engineering & Technology, Pilani",India,IN
"B.V. Bhoomaraddi College of Engineering and Technology, Hubli",India,IN
"BMS Institute of Technology, Bangalore",India,IN
"Babasaheb Naik College of Engineering, Pusad",India,IN
Babu Banarasi Das Educational Society's Group of Institutions,India,IN
Baddi University of Emerging Sciences and Technologies,India,IN
Banasthali University,India,IN
Beijing University of Aeronautics and Astronautics,China,CN
"Bengal Institute of Technology, Kolkata",India,IN
Bhagwan Parshuram Institute of Technology,India,IN
"Bharati Vidyapeeth College of Engineering, Delhi",India,IN
"Birla Institute Of Technology, Mesra",India,IN
"Birla Institute of Technology & Science Pilani, Goa Campus",India,IN
"Birla Institute of Technology & Science Pilani, Hyderabad Campus",India,IN
"Birla Institute of Technology & Science Pilani, Pilani Campus",India,IN
Birla Institute of Technology Jaipur,India,IN
Birla Institute of Technology Mesra,India,IN
"Birsa Institute of Technology, Sindri",India,IN
"Budge Budge Institute of Technology, Calcutta",India,IN
"Chandannagar Banga Vidyalaya Tematha Cngr, Hooghly",India,IN
Chandigarh College of Engineering & Technology,India,IN
Chandigarh University,India,IN
Charotar University of Science and Technology,India,IN
Cochin University of Science and Technology,India,IN
"College of Engineering, Trivandrum",India,IN
"College of Technology, Pantnagar",India,IN
Cummins College of Engineering for Women%,India,IN
Dhirubhai Ambani Institute of Information and Communication Technology,India,IN
"Delhi Public School, Dwarka",India,IN
"Delhi Public School, Faridabad",India,IN
Delhi Technological University,India,IN
Dell International Services,Romania,RO
"Dhaneswar Rath Institute of Engineering and Management Studies, Cuttack",India,IN
"Dharmsinh Desai University, Nadiad",India,IN
"Dwarka International School, Dwarka",India,IN
"Echelon Institute of Technology, Faridabad",India,IN
"Fr. Conceicao Rodrigues College of Engineering, Bandra",India,IN
"G. Narayanamma Institute of Technology and Science, Hyderabad",India,IN
"GD Goenka University, Gurgaon",India,IN
GD Goenka World Institute,India,IN
"GLA University, Mathura",India,IN
Galgotias College of Engineering and Technology,India,IN
Galgotias University,India,IN
"Gautam Buddha University, Greater Noida",India,IN
"Gokaraju Rangaraju Institute of Engineering and Technology, Hyderabad",India,IN
Goldman Sachs,United States,US
"Government Engineering College, Thrissur",India,IN
"Govind Ballabh Pant Engineering College, New Delhi",India,IN
Graphic Era University,India,IN
"Guru Tegh Bahadur Institute of Technology, New Delhi",India,IN
"HKBK College of Engineering, Bengaluru",India,IN
"Haldia Institute of Technology, West Bengal",India,IN
"Harcourt Butler Technological Institute, Kanpur",India,IN
"Heritage Institute of Technology, Kolkata",India,IN
"IMS Engineering College, Ghaziabad, Delhi NCR",India,IN
"ITM University, Gwalior",India,IN
ITMO University,Russia,RU
"Indian Institute of Engineering Science and Technology, Shibpur",India,IN
"Indian Institute of Information Technology, Allahabad",India,IN
"Indian Institute of Information Technology, Kalyani",India,IN
"Indian Institute of Information Technology, Kolkata",India,IN
"Indian Institute of Space Science and Technology, Thiruvananthapuram",India,IN
Indian Institute of Technology Bhubaneswar,India,IN
Indian Institute of Technology Bombay,India,IN
Indian Institute of Technology Guwahati,India,IN
Indian Institute of Technology Indore,India,IN
Indian Institute of Technology Kharagpur,India,IN
Indian Institute of Technology Madras,India,IN
Indian Institute of Technology Mandi,India,IN
Indian Institute of Technology Patna,India,IN
Indian Institute of Technology Roorkee,India,IN
"Indian School of Mines Dhanbad, Jharkhand",India,IN
Indira Gandhi Delhi Technical University for Women,India,IN
"Indraprastha Institute of Information Technology, Delhi",India,IN
"Institute of Engineering & Management, Kolkata",India,IN
"Institute of Engineering and Technology, Devi Ahilya Vishwavidyalaya",India,IN
"Institute of Technical Education & Research, Bhubaneswar",India,IN
"Institute of Technology, Nirma University",India,IN
Integral University,India,IN
"International Institute of Information Technology, Bangalore",India,IN
"International Institute of Information Technology, Hyderabad",India,IN
"International Institute of Professional Studies, Indore",India,IN
"JRE Group of Institutions, Greater Noida",India,IN
"JSS Academy of Technical Education, Noida",India,IN
Jadavpur University,India,IN
Jamia Millia Islamia,India,IN
"Jawaharlal Nehru Technological University, Vizianagaram",India,IN
Jaypee Institute of Information Technology,India,IN
"Jaypee University of Engineering and Technology, Guna",India,IN
Jaypee University of Information Technology,India,IN
Jodhpur Institute of Engineering & Technology,India,IN
"K. J. Somaiya College of Engineering Vidyanagar, Vidyavihar, Mumbai",India,IN
"KLS Gogte Institute of Technology, Belgaum",India,IN
Kalinga Institute of Industrial Technology,India,IN
Kalyani Government Engineering College,India,IN
"Kamla Nehru Institute of Technology, Sultanpur, India",India,IN
"Karpagam College of Engineering, Coimbatore",India,IN
"Karunya University, Coimbatore",India,IN
"Krishna Institute of Engineering and Technology, Ghaziabad",India,IN
"LDRP Institute of Technology & Research, Gandhinagar",India,IN
LNM Institute of Information Technology,India,IN
"Lal Bahadur Shastri Institute of Management, Delhi",India,IN
"Lalbhai Dalpatbhai College of Engineering, Ahmedabad",India,IN
"M. J. P. Rohilkhand University, Bareilly",India,IN
"M. S. Ramaiah Institute of Technology, Bengaluru",India,IN
"M.H. Saboo Siddik College of Engineering, Mumbai",India,IN
"MIT Academy of Engineering, Pune",India,IN
"Maharaja Agrasen Institute of Technology, New Delhi",India,IN
Maharaja Surajmal Institute of Technology,India,IN
Mahatma Gandhi Institute of Technology,India,IN
"Malaviya National Institute of Technology, Jaipur",India,IN
"Manipal Institute of Technology, Manipal",India,IN
"Mar Athanasius College of Engineering, Kothamangalam",India,IN
"Maulana Azad National Institute of Technology, Bhopal",India,IN
Motilal Nehru National Institute of Technology Allahabad,India,IN
"Mugniram Bangur Memorial Engineering College, Jodhpur",India,IN
"National Institute of Science and Technology, Berhampur",India,IN
National Institute of Technology Agartala,India,IN
National Institute of Technology Karnataka,India,IN
National Institute of Technology Mizoram,India,IN
National Institute of Technology Patna,India,IN
National Institute of Technology Raipur,India,IN
National Institute of Technology Tiruchirappalli,India,IN
"National Institute of Technology, Calicut",India,IN
"National Institute of Technology, Durgapur",India,IN
"National Institute of Technology, Hamirpur",India,IN
"National Institute of Technology, Jalandhar",India,IN
"National Institute of Technology, Jamshedpur",India,IN
"National Institute of Technology, Kurukshetra",India,IN
"National Institute of Technology, Nagaland",India,IN
"National Institute of Technology, Puducherry",India,IN
"National Institute of Technology, Silchar",India,IN
"National Institute of Technology, Uttarakhand",India,IN
"Netaji Subhas Institute of Technology, New Delhi",India,IN
New Digambar Public School Indore,India,IN
Noida Institute of Engineering and Technology,India,IN
"Northern India Engineering College, New Delhi",India,IN
"PES College of Engineering, Mandya",India,IN
"PSG College of Technology, Coimbatore",India,IN
"Padre Conceicao College of Engineering, Goa",India,IN
"Pillai Institute of Information Technology, Engineering, Media Studies and Research, Panvel",India,IN
"Pimpri Chinchwad College of Engineering, Pune",India,IN
"Poornima College of Engineering, Jaipur",India,IN
"Poornima Institute of Engineering and Technology, Sitapura",India,IN
"Pranveer Singh Institute of Technology, Kanpur",India,IN
Prasad V Potluri Siddhartha Institute of Technology,India,IN
Pune Institute of Computer Technology,India,IN
"Punjab Engineering College, Chandigarh",India,IN
"RCC Institute of Information Technology, Kolkata",India,IN
"RK University, Rajkot",India,IN
"RMD Engineering College, Tamil Nadu",India,IN
"RMK College of Engineering & Technology, Tiruvallur",India,IN
"RMK Engineering College, Tamil Nadu",India,IN
Raghu Engineering College,India,IN
"Rajdhani College, University of Delhi",India,IN
Rajiv Gandhi Proudyogiki Vishwavidyalaya,India,IN
"Rajiv Gandhi University of Knowledge Technologies, RK Valley",India,IN
"Ramanujan College, University of Delhi",India,IN
"Rashtreeya Vidyalaya College of Engineering, Bangalore",India,IN
Rustamji Institute of Technology,India,IN
SAI International School,India,IN
SRM University,India,IN
Sant Longowal Institute of Engineering and Technology,India,IN
"Sardar Patel Institute Of Technology, Mumbai",India,IN
"Sardar Vallabhbhai National Institute of Technology, Surat",India,IN
"Shiv Nadar University, Chithera",India,IN
"Shivaji College, Delhi",India,IN
Shri Govindram Seksaria Institute of Technology and Science,India,IN
Shri Ramswaroop Memorial College of Engineering and Management,India,IN
"Sir M Visveswaraya Institute of Technology, Bangalore",India,IN
"Sir Padampat Singhania University, Udaipur",India,IN
Sri Manakula Vinayagar Engineering College,India,IN
Sri Shakthi Institute of Engineering and Technology,India,IN
Stanley College of Engineering and Technology,India,IN
Swami Keshvanand Institute of Technology Management & Gramothan,India,IN
Techno India Salt Lake,India,IN
Thakur College of Engineering and Technology,India,IN
"Thangal Kunju Musaliar College of Engineering, Kollam",India,IN
Thapar University,India,IN
The Scindia School,India,IN
"University Institute of Engineering & Technology, Panjab University",India,IN
"University Institute of Information Technology, Shimla",India,IN
"University of Petroleum and Energy Studies, Dehradun",India,IN
University of Pune,India,IN
"University of Waterloo, Canada",Canada,CA
University School of Information Technology,India,IN
"University Visvesvaraya College of Engineering, Bangalore",India,IN
"VVP Engineering College, Rajkot",India,IN
"Varvakio Piramatiko Gimnasio, Greece",Greece,GR
Vasavi College of Engineering,India,IN
"Veer Surendra Sai University of Technology, Orissa",India,IN
"Vellore Institute of Technology, Chennai",India,IN
"Vellore Institute of Technology, Vellore",India,IN
"Veltech Multi Tech Dr.Rangarajan Dr.Sakunthala Engineering College, Chennai",India,IN
"Vishwakarma Government Engineering College, Chandkheda",India,IN
West Bengal University of Technology,India,IN
"Yeshwantrao Chavan College of Engineering College, Nagpur",India,IN
"YMCA University of Science and Technology, Faridabad",India,IN
"Zakir Hussain College of Engineering and Technology, Aligarh",India,IN
Manipal University Jaipur,India,IN
"Indian Institute of Technology, Varanasi",India,IN
"Dwarkadas Jivanlal Sanghvi College of Engineering, Mumbai",India,IN
"Baba Saheb Ambedkar Institute of Technology & Management, Faridabad",India,IN
"Ryan International School, Mumbai",India,IN
Indian Institute of Technology Jodhpur,India,IN
Beijing No.8 Middle School,China,CN
Indian Institute of Technology Delhi,India,IN
"Army Public School, Dighi Pune",India,IN
Reykjavik University,Iceland,IS
SMTL,United States,US
"Kids Tutorial Ramna, Dhaka",Bangladesh,BD
"Global College of Technology, Jaipur",India,IN
"SOS Hermann Gmeiner School and College, Bangladesh",Bangladesh,BD
"Taraz Kazakh - Turkish High School Taraz, Kazakhstan",Kazakhstan,KZ
Tomsk,Russia,RU
"Higher School of Economics, Russia",Russia,RU
Universidad Tecnica de Oruro,Bolivia,BO
Instituto Tecnologico de Santo Domingo,Dominican Republic,DO
Bangladesh University of Engineering and Technology,Bangladesh,BD
"Guru Nanak Institute of Technology, Kolkata",India,IN
"Shymkent KTL Shymkent, Kazakhstan",Kazakhstan,KZ
Faculty of Science of the University of Lisbon,Portugal,PT
"G.B. Pant Engineering College, Pauri",India,IN
Almaty Kazakh - Turkish High School Almaty Kazakhstan,Kazakhstan,KZ
"Matematicheska Gimnaziya Akademik Kiril Popov, Bulgaria",Bulgaria,BG
BUBT-Bangladesh University of Business & Technology,Bangladesh,BD
Universidade Federal de Itajubá,Brazil,BR
Vidyalankar Institute of Technology,India,IN
Indian Institute of Technology Kanpur,India,IN
"Pragmatic Academy, Rangia",India,IN
"Universidad de las Ciencias Informáticas, Havana",Cuba,CU
"Academy of Technology, West Bengal",India,IN
University of Mumbai,India,IN
"Walchand College of Engineering, Sangli",India,IN
Info Edge India Ltd.,India,IN
"Institute of Engineering and Technology, Lucknow",India,IN
Ural Federal University,Russia,RU
UNIFESO,Brazil,BR
Pioneer School of Ariana Tunisia,Tunisia,TN
"J.K Institute of Applied Physics and Technology, Allahabad",India,IN
"Madhav Institute of Technology and Science, Gwalior",India,IN
"Indian Institute of Information Technology, Design and Manufacturing, Jabalpur",India,IN
"National Institute of Technology, Rourkela",India,IN
National Institute of Technology Goa,India,IN
Jaipur Engineering College And Research Centre,India,IN
Bangalore University,India,IN
"University ""Marta Abreu"" of Las Villas, Cuba",Cuba,CU
"College of Engineering, Pune",India,IN
Islamic University of Technology (IUT),Bangladesh,BD
"Instituto Tecnologico Superior del Sur de Guanajuato, Mexico",Mexico,MX
K L University,India,IN
"Metropolitan University, Sylhet",Bangladesh,BD
"University Institute of Engineering and Technology, Kanpur",India,IN
Jaypee University Anoopshahr,India,IN
Ateneo de Manila University,Philippines,PH
['Ashgabat, Bashkent TTHS', 'Barazandeh Moghadam', 'Brown University', 'Changchun, HSANNU', 'Chechens Association', 'Cherkasy Physics and Mathematics Lyceum', 'China Rome orgainzation', 'ChuyenYb', 'Cornell University', 'Duta Wacana CU', 'Ekaterinburg, SESC UFU', 'Fatih Koleji Bilgisayar Olimpiyat Tak\xc4\xb1m\xc4\xb1', 'Foreign Language Specialised School - CNN', 'France-IOI', 'HCMUS, High School for The Gifted', 'HKL, Dushanbe', 'HL High School For Gifted Student', 'Huojian CorpTmp', 'IPVCE-Antonio Maceo', 'Irkutsk ISRU', 'Issyk Kazakh-Turkish High School', 'Japan NEET University', 'Karp-Chant No.1 High School', 'Khakas SU', 'Khanty-Mansiysk, UPML', 'Kremenchug, POLIT', 'LangPrism', 'Looksery', 'MSU named by M.V.Lomonosov', 'Magnitogorsk STU', 'Mahidolwiittayanusorn school', 'Malek D4nce Club', 'Mianyang Nanshan High School', 'Mytishchi Programming School', 'New Zealand Olympiad in Informatics', 'Nizhnekamsk ICT', 'North-Caucasus FU', 'PNT YURI KONDRATYUK UNIVERSITY', 'Pavlodar, school-lyceum 8', 'Phisical and Mathymayical lyceum', 'Phystech-lyceum', 'Quang Trung Specialized and Gifted High School', 'Samanyolu Bilgisayar Olimpiyat Toplulu\xc4\x9fu', 'Sevastopol State University', 'Shri Mata Vaishno Devi University (SMVDU)', 'Southern FU (Taganrog)', 'Starokostyantinovska Gimnasia', 'Swiss Olympiad in Informatics', 'Tajik Turkish Hoji Kamol High School', 'Taldykorgan Kazakh-Turkish High School', "The Enot's Team", 'Tomsk SU of CSR', 'Vinh Phuc gifted High School', 'Yamanlar Informatics Society', 'Zaporizhia NTU', 'Jawaharlal Nehru Technological University, Kakinada', 'Shri Mata Vaishno Devi University', 'Aktobe Kazakh -Turkish High School Aktobe Kazakhstan', 'Astana Kazakh-Turkish high school for gifted boys', 'MAOU LMI', 'Taurida National V.I. Vernadsky University']
